Task_ID,Task_Name,Required_Skills
T1,Cloud_Framework_11,"Communication,Java,Project Management,Testing"
T2,Monitoring_Dashboard_69,Testing
T3,Analytics_Framework_22,"Java,Machine Learning,Python"
T4,Frontend_Dashboard_263,"Cloud,Communication,DevOps,Python,SQL,Testing"
T5,Analytics_Dashboard_35,"Data Analysis,SQL,Testing"
T6,Testing_Portal_257,"Communication,Data Analysis,DevOps,Machine Learning,Project Management,SQL"
T7,Reporting_Engine_205,"Communication,Data Analysis,DevOps,Python,SQL"
T8,Migration_Engine_268,"Cloud,Data Analysis,Java,Machine Learning,Python,Testing"
T9,Reporting_Framework_234,"Data Analysis,Java,Machine Learning,Project Management"
T10,Automation_Platform_13,"Communication,Java,Machine Learning,SQL"
T11,Migration_Pipeline_237,"Cloud,DevOps,Python,SQL,Testing"
T12,Automation_Module_97,"Cloud,Data Analysis,Machine Learning,Testing"
T13,Database_Framework_169,"Java,Machine Learning,Project Management,SQL,Testing"
T14,Database_API_100,"DevOps,Java,Python,SQL,Testing"
T15,Analytics_Engine_129,"Data Analysis,DevOps,Java,Python,SQL"
T16,Reporting_Pipeline_82,"Communication,Project Management,Python,Testing"
T17,Cloud_Module_5,"Communication,SQL,Testing"
T18,Cloud_Engine_65,"Data Analysis,DevOps,Java,Python"
T19,Database_Engine_83,"Java,Machine Learning,Project Management"
T20,Automation_Service_135,"Cloud,Communication,Java,Project Management,Testing"
T21,Frontend_Service_170,"Cloud,Communication,Data Analysis,DevOps,Python"
T22,Monitoring_Module_280,"Cloud,Data Analysis,Java,Python,SQL,Testing"
T23,Database_Engine_192,"Communication,Machine Learning,Python,Testing"
T24,Migration_Framework_261,"Cloud,DevOps,Machine Learning,Project Management,Python,Testing"
T25,Database_Engine_233,"Data Analysis,Java,Machine Learning,SQL"
T26,Testing_Service_241,"Communication,Data Analysis,DevOps,Machine Learning,Project Management,Testing"
T27,Migration_Module_246,"Cloud,Data Analysis,DevOps,Machine Learning,SQL,Testing"
T28,Automation_Portal_64,"Cloud,Data Analysis,DevOps,Testing"
T29,Automation_Dashboard_252,"Communication,Data Analysis,DevOps,Java,SQL,Testing"
T30,Integration_Dashboard_151,"DevOps,Java,Machine Learning,Python"
T31,Frontend_Engine_14,"Cloud,Communication"
T32,Backend_Service_68,"DevOps,Python"
T33,Support_Module_136,"Cloud,Communication,Java,Project Management,SQL"
T34,Cloud_Framework_248,"Cloud,Data Analysis,DevOps,Java,Machine Learning,Python"
T35,Analytics_Framework_275,"Cloud,Communication,Java,Python,SQL,Testing"
T36,Automation_Platform_214,"Communication,Data Analysis,Project Management,Python,SQL"
T37,Migration_Platform_95,"Java,Project Management,Python,SQL,Testing"
T38,Database_Platform_227,"Cloud,DevOps,Java,Machine Learning,Project Management"
T39,Automation_Module_107,"Data Analysis,Machine Learning,Python,SQL,Testing"
T40,Security_Service_89,"Data Analysis,Python"
T41,Support_Service_232,"Data Analysis,Project Management,Python,SQL"
T42,Frontend_Dashboard_133,"Cloud,DevOps,Java,Machine Learning"
T43,Database_Platform_236,"Cloud,DevOps,Java,Python"
T44,Cloud_API_187,"Data Analysis,Java,Python,Testing"
T45,Support_Service_109,"Cloud,Communication,Java,Project Management,Python,SQL"
T46,Analytics_Pipeline_110,"DevOps,Machine Learning,Project Management,Python"
T47,Monitoring_Engine_40,"Java,Project Management,Python"
T48,Testing_Module_283,"Cloud,Communication,Data Analysis,Java,Machine Learning,SQL"
T49,Security_Module_145,"Communication,DevOps,Machine Learning,Project Management,Python"
T50,Database_System_269,"Data Analysis,DevOps,Machine Learning,Project Management,SQL,Testing"
T51,Integration_Platform_249,"Cloud,Communication,Data Analysis,DevOps,Project Management,Testing"
T52,Cloud_Engine_150,"Cloud,Java,Machine Learning,Python"
T53,Reporting_Module_217,"Cloud,Java,Python,SQL"
T54,Testing_Portal_138,"DevOps,Java,Machine Learning,Project Management,Python"
T55,Frontend_Portal_42,"Cloud,Communication,DevOps"
T56,Database_Engine_166,"Cloud,Communication,Machine Learning,Project Management,SQL,Testing"
T57,Reporting_API_6,"Data Analysis,Machine Learning,Python"
T58,Migration_Service_9,"Machine Learning,SQL,Testing"
T59,Automation_Engine_221,"Communication,Data Analysis,Java,Project Management,SQL,Testing"
T60,Migration_Dashboard_43,"Data Analysis,SQL"
T61,Database_Pipeline_32,"Machine Learning,SQL"
T62,Migration_Platform_57,"Project Management,Python"
T63,Support_Module_256,"Cloud,Data Analysis,Machine Learning,Project Management,Python,SQL"
T64,Database_Pipeline_178,"DevOps,Python,SQL,Testing"
T65,Cloud_Service_3,"Cloud,Machine Learning,Project Management,SQL"
T66,Database_Portal_10,"Communication,Java,Python,Testing"
T67,Frontend_Framework_297,"Data Analysis,Java,Project Management,Python,SQL,Testing"
T68,Analytics_Framework_286,"Communication,DevOps,Machine Learning,Python,SQL,Testing"
T69,Automation_Engine_292,"Cloud,Communication,DevOps,Java,Python,SQL"
T70,Monitoring_Portal_93,"Data Analysis,Java,Machine Learning,Project Management,Python"
T71,Integration_Platform_253,"Cloud,Data Analysis,DevOps,Java,Project Management,Testing"
T72,Automation_Module_250,"Communication,Java,Machine Learning,Python,SQL,Testing"
T73,Migration_Engine_207,"Data Analysis,DevOps,Java,SQL"
T74,Analytics_Portal_220,"Cloud,Communication,Data Analysis,Java,Python"
T75,Migration_Dashboard_96,"Cloud,Communication,DevOps,Project Management,Python"
T76,Migration_Service_211,"Data Analysis,DevOps,Python,SQL"
T77,Integration_System_168,"Communication,DevOps,Machine Learning,Testing"
T78,Database_Service_189,"Communication,Java,Machine Learning,SQL,Testing"
T79,Cloud_Portal_23,"Project Management,Python,SQL"
T80,Migration_Dashboard_156,"Cloud,Data Analysis,DevOps,Java,Project Management"
T81,Cloud_Portal_70,"Data Analysis,Machine Learning,SQL"
T82,Migration_Platform_190,"DevOps,Java,Machine Learning,Python,Testing"
T83,Automation_Pipeline_204,"Java,Machine Learning,Python,SQL,Testing"
T84,Support_API_105,"Java,Machine Learning,Project Management,SQL"
T85,Database_Module_49,"Machine Learning,Project Management,SQL"
T86,Analytics_Dashboard_149,"Cloud,Data Analysis,DevOps,Python"
T87,Testing_Dashboard_285,"Communication,Data Analysis,Java,Python,SQL,Testing"
T88,Support_Dashboard_240,"Communication,Data Analysis,DevOps,Java,SQL"
T89,Monitoring_Portal_76,"Data Analysis,DevOps"
T90,Testing_Service_216,"Cloud,Data Analysis,Java,Project Management,SQL"
T91,Database_Module_31,"DevOps,Project Management,SQL"
T92,Testing_Portal_4,"DevOps,Machine Learning"
T93,Testing_Module_212,"Data Analysis,DevOps,Java,Machine Learning,SQL"
T94,Monitoring_Pipeline_281,"Cloud,Data Analysis,Java,Machine Learning,Project Management,SQL"
T95,Analytics_Service_144,"Cloud,DevOps,Machine Learning,Project Management"
T96,Backend_Platform_72,"Project Management,SQL"
T97,Cloud_Framework_91,"Communication,DevOps,Machine Learning,SQL,Testing"
T98,Migration_Service_132,"Cloud,Java,Project Management,SQL,Testing"
T99,Cloud_System_7,"Cloud,Python,Testing"
T100,Automation_Service_71,"Java,SQL,Testing"
T101,Database_Service_48,"Cloud,Communication,Testing"
T102,Analytics_Pipeline_199,"Cloud,Machine Learning,Project Management,Python,Testing"
T103,Analytics_Module_186,"Java,Python,SQL,Testing"
T104,Automation_Portal_276,"Communication,Data Analysis,Java,Machine Learning,Python,Testing"
T105,Automation_Service_52,"Cloud,Communication,SQL,Testing"
T106,Security_Dashboard_66,"Communication,Project Management,SQL"
T107,Support_Module_272,"Communication,Data Analysis,DevOps,Java,Machine Learning,Python"
T108,Security_Framework_2,"Cloud,Communication,Data Analysis,Java"
T109,Security_Engine_128,"Communication,DevOps,Java,Machine Learning,Project Management"
T110,Monitoring_Portal_300,"Data Analysis,DevOps,Machine Learning,Project Management,Python,Testing"
T111,Integration_Pipeline_154,"Data Analysis,Project Management,SQL,Testing"
T112,Cloud_Engine_244,"Cloud,Java,Project Management,Python,SQL,Testing"
T113,Analytics_Service_134,"Java,Machine Learning,SQL,Testing"
T114,Backend_Portal_118,"Data Analysis,Java,Machine Learning,Python"
T115,Testing_System_87,"Cloud,Java,Project Management,Testing"
T116,Analytics_System_102,"Communication,Data Analysis,DevOps,Machine Learning"
T117,Support_Framework_191,"Data Analysis,DevOps,Java,Machine Learning,Testing"
T118,Testing_API_130,"Cloud,Communication,Java,Machine Learning,SQL"
T119,Migration_Module_225,"Cloud,Data Analysis,Machine Learning,Python"
T120,Testing_Platform_113,"Data Analysis,DevOps,Java,Machine Learning,Project Management"
T121,Reporting_Portal_157,"Communication,Machine Learning,Project Management,Python,SQL,Testing"
T122,Migration_Pipeline_185,"Cloud,Java,Machine Learning,Project Management,SQL"
T123,Monitoring_Framework_262,"Cloud,Java,Machine Learning,Project Management,Python,Testing"
T124,Testing_API_213,"Communication,DevOps,Python,SQL"
T125,Security_Module_74,"DevOps,Project Management,Testing"
T126,Integration_Dashboard_161,"Communication,DevOps,Project Management,Python,Testing"
T127,Backend_Framework_50,"Cloud,Java,Project Management"
T128,Monitoring_Engine_75,"Data Analysis,Machine Learning"
T129,Reporting_System_116,"Communication,DevOps,Java,Python,Testing"
T130,Backend_Module_39,"Java,Project Management,Testing"
T131,Automation_Service_38,"Communication,DevOps,Python,Testing"
T132,Automation_Framework_1,"SQL,Testing"
T133,Reporting_API_36,"DevOps,Project Management"
T134,Database_System_56,"Cloud,Data Analysis,Project Management"
T135,Database_System_267,"Cloud,Communication,Data Analysis,Python,SQL,Testing"
T136,Automation_Dashboard_16,"Cloud,Communication,Machine Learning"
T137,Frontend_Module_127,"Data Analysis,DevOps,Project Management,SQL,Testing"
T138,Support_Platform_188,"DevOps,Machine Learning,Python,SQL,Testing"
T139,Analytics_Pipeline_98,"Cloud,Data Analysis,DevOps,Machine Learning"
T140,Testing_Engine_218,"Data Analysis,Machine Learning,Project Management,SQL,Testing"
T141,Reporting_System_18,"Data Analysis,Testing"
T142,Migration_Pipeline_184,"Cloud,Data Analysis,DevOps,Project Management,Testing"
T143,Testing_Framework_79,"Java,Machine Learning,Project Management,Testing"
T144,Automation_Engine_255,"Data Analysis,DevOps,Java,Machine Learning,Project Management,Testing"
T145,Migration_Dashboard_114,"Cloud,DevOps,Java,Project Management,SQL"
T146,Automation_Dashboard_223,"Communication,Data Analysis,Java,Project Management,SQL"
T147,Database_API_289,"Data Analysis,Java,Machine Learning,Python,SQL,Testing"
T148,Testing_Framework_254,"Communication,DevOps,Java,Python,SQL,Testing"
T149,Reporting_Engine_175,"Data Analysis,Machine Learning,Python,SQL"
T150,Reporting_Dashboard_30,"Cloud,DevOps,Project Management,SQL"
T151,Monitoring_Pipeline_200,"Cloud,Communication,Project Management,Python,SQL"
T152,Support_Service_293,"Cloud,Communication,Data Analysis,Project Management,Python,Testing"
T153,Frontend_API_20,"DevOps,Testing"
T154,Migration_Framework_258,"Cloud,Communication,Data Analysis,DevOps,Java,Testing"
T155,Security_Framework_288,"Cloud,Communication,DevOps,Java,Project Management,Python"
T156,Automation_Service_287,"Cloud,Data Analysis,Java,Project Management,Python,Testing"
T157,Integration_Pipeline_163,"Cloud,Java,Project Management,Python,Testing"
T158,Frontend_Dashboard_230,"Cloud,DevOps,Project Management,Python,Testing"
T159,Monitoring_Portal_112,"DevOps,Machine Learning,Project Management,Testing"
T160,Testing_Service_111,"Communication,DevOps,Python,SQL,Testing"
T161,Database_Module_173,"Cloud,Communication,Project Management,Python,Testing"
T162,Automation_Dashboard_54,"Communication,DevOps,SQL"
T163,Support_Framework_271,"Cloud,Data Analysis,DevOps,Machine Learning,Python,SQL"
T164,Security_Engine_198,"Cloud,DevOps,Java,Machine Learning,Python"
T165,Frontend_Module_294,"Cloud,Data Analysis,Java,Machine Learning,Project Management,Testing"
T166,Frontend_Engine_124,"Cloud,Data Analysis,Machine Learning,Python,SQL"
T167,Testing_API_41,"Machine Learning,Python,Testing"
T168,Monitoring_Platform_284,"Cloud,DevOps,Java,Project Management,SQL,Testing"
T169,Analytics_API_63,"Communication,Data Analysis,Machine Learning"
T170,Automation_Service_159,"Cloud,DevOps,Java,SQL"
T171,Automation_Service_62,"Cloud,Communication,Java,Testing"
T172,Frontend_Framework_279,"Data Analysis,Java,Machine Learning,Project Management,SQL,Testing"
T173,Integration_Dashboard_251,"Cloud,Communication,DevOps,Java,SQL,Testing"
T174,Security_Module_295,"Cloud,Data Analysis,DevOps,Project Management,SQL,Testing"
T175,Automation_Platform_193,"Cloud,Data Analysis,Java,Machine Learning,Project Management"
T176,Automation_Module_235,"Data Analysis,DevOps,Machine Learning,Python"
T177,Monitoring_Module_78,"Communication,Project Management,Testing"
T178,Migration_Engine_19,"Communication,Data Analysis,Project Management,Testing"
T179,Monitoring_Dashboard_167,"DevOps,Machine Learning,Python,Testing"
T180,Cloud_Portal_143,"DevOps,Java,Machine Learning,Project Management,SQL"
T181,Automation_Framework_203,"Cloud,Data Analysis,Machine Learning,Python,Testing"
T182,Testing_Service_259,"Cloud,Communication,Data Analysis,DevOps,Java,SQL"
T183,Security_Framework_239,"Cloud,Communication,Machine Learning,Python"
T184,Backend_Framework_104,"Cloud,Communication,Data Analysis,Python"
T185,Monitoring_Framework_27,"Communication,Data Analysis,Project Management"
T186,Cloud_Platform_131,"Cloud,Machine Learning,Python,Testing"
T187,Integration_Portal_33,"DevOps,Project Management,Python,Testing"
T188,Testing_Portal_148,"Cloud,Communication,Data Analysis,Java,Project Management,Testing"
T189,Reporting_Pipeline_155,"Communication,DevOps,Java,Project Management,Testing"
T190,Automation_API_238,"Cloud,Communication,DevOps,Machine Learning,SQL"
T191,Frontend_Platform_274,"Data Analysis,DevOps,Machine Learning,Project Management,Python,SQL"
T192,Frontend_Engine_44,"Data Analysis,Project Management,SQL"
T193,Database_Module_119,"Cloud,DevOps,Machine Learning,SQL"
T194,Automation_Module_123,"Communication,Data Analysis,DevOps,Java,Machine Learning"
T195,Monitoring_Portal_90,"Communication,Data Analysis,Java"
T196,Testing_Platform_29,"Cloud,Java,Project Management,Python"
T197,Security_Module_122,"Communication,DevOps,Java,Project Management,SQL,Testing"
T198,Database_Framework_17,"Cloud,Java,Testing"
T199,Frontend_Platform_282,"Cloud,Java,Machine Learning,Project Management,SQL,Testing"
T200,Integration_Portal_125,"Communication,Machine Learning,Python,SQL,Testing"
T201,Security_Portal_222,"Cloud,Java,Machine Learning,Testing"
T202,Reporting_Pipeline_84,"Communication,Machine Learning,SQL,Testing"
T203,Automation_System_202,"Communication,DevOps,Machine Learning,Python,Testing"
T204,Security_API_85,"Cloud,Communication,Java,SQL"
T205,Testing_API_171,"DevOps,Java,Machine Learning,Project Management"
T206,Database_Pipeline_247,"Cloud,Data Analysis,DevOps,Java,Machine Learning,SQL"
T207,Automation_Dashboard_47,"Cloud,DevOps,Machine Learning"
T208,Frontend_Module_101,"Cloud,Communication,DevOps,Machine Learning,Python"
T209,Database_Framework_94,"Communication,Data Analysis,DevOps,Machine Learning,Project Management"
T210,Cloud_Engine_265,"Data Analysis,DevOps,Java,Machine Learning,Python,SQL"
T211,Support_System_245,"Cloud,Communication,Data Analysis,DevOps,Machine Learning,Project Management"
T212,Frontend_Portal_270,"DevOps,Java,Machine Learning,Project Management,Python,Testing"
T213,Integration_System_58,"Cloud,Project Management,SQL"
T214,Integration_Service_60,"Python,SQL"
T215,Monitoring_System_121,"Communication,Data Analysis,Machine Learning,Project Management,Testing"
T216,Reporting_Portal_224,"Communication,Machine Learning,Project Management,Python,Testing"
T217,Backend_Pipeline_260,"Communication,Data Analysis,DevOps,Machine Learning,SQL,Testing"
T218,Migration_Portal_182,"Cloud,Communication,DevOps,Project Management,Testing"
T219,Frontend_Service_299,"Communication,DevOps,Java,Machine Learning,SQL,Testing"
T220,Security_Platform_176,"Cloud,Communication,Java,Machine Learning,Python"
T221,Frontend_Framework_243,"Cloud,DevOps,Java,Machine Learning,Project Management,SQL"
T222,Integration_Service_117,"Cloud,Communication,DevOps,Machine Learning,Project Management"
T223,Migration_Engine_25,"Communication,DevOps,Project Management,Python"
T224,Monitoring_System_231,"Data Analysis,Machine Learning,Project Management,Python"
T225,Frontend_Dashboard_179,"Data Analysis,Java,Machine Learning,SQL,Testing"
T226,Monitoring_Module_206,"Cloud,Data Analysis,DevOps,Machine Learning,SQL"
T227,Reporting_System_209,"Cloud,Data Analysis,Java,Python,SQL"
T228,Support_Portal_24,"Communication,Java,Python,SQL"
T229,Support_API_34,"Cloud,Data Analysis,Testing"
T230,Analytics_Module_291,"Communication,DevOps,Machine Learning,Project Management,Python,Testing"
T231,Security_Pipeline_120,"Communication,Data Analysis,DevOps,SQL,Testing"
T232,Backend_Engine_196,"DevOps,Project Management,Python,SQL,Testing"
T233,Database_Dashboard_194,"Cloud,Communication,Java,Machine Learning,Project Management"
T234,Database_Framework_21,"Communication,Testing"
T235,Backend_Pipeline_137,"Communication,Java,Machine Learning,Python"
T236,Support_Framework_208,"Cloud,Communication,Python,SQL,Testing"
T237,Database_Framework_172,"Cloud,DevOps,Java,Python,SQL"
T238,Analytics_Pipeline_195,"Cloud,Java,Project Management,Python,SQL"
T239,Migration_System_183,"Communication,Data Analysis,DevOps,Project Management,SQL"
T240,Cloud_Platform_51,"DevOps,Machine Learning,Python"
T241,Support_System_210,"Cloud,Data Analysis,Project Management,Python,Testing"
T242,Reporting_Pipeline_86,"DevOps,Machine Learning,SQL"
T243,Analytics_Engine_80,"Cloud,Machine Learning,SQL"
T244,Migration_Module_92,"Communication,Data Analysis,Java,Project Management,Testing"
T245,Migration_Framework_158,"Cloud,Communication,DevOps,Python"
T246,Support_Module_115,"Communication,Java,Project Management,Python,SQL"
T247,Analytics_Service_277,"DevOps,Java,Machine Learning,Project Management,Python,SQL"
T248,Support_Portal_177,"DevOps,Project Management,SQL,Testing"
T249,Backend_Pipeline_215,"Cloud,Communication,Project Management,Python"
T250,Migration_Service_162,"Cloud,DevOps,Java,Project Management,Python"
T251,Frontend_Engine_152,"Cloud,Data Analysis,DevOps,Java,SQL"
T252,Frontend_Service_229,"Cloud,Data Analysis,Java,Machine Learning"
T253,Testing_System_153,"Cloud,Data Analysis,SQL,Testing"
T254,Monitoring_System_181,"Communication,Data Analysis,DevOps,Python"
T255,Analytics_Portal_46,"Cloud,Data Analysis,Java,Project Management"
T256,Frontend_Dashboard_201,"Communication,Java,Machine Learning,Python,Testing"
T257,Testing_Module_219,"Communication,Data Analysis,DevOps,Project Management,SQL,Testing"
T258,Security_Pipeline_45,"Data Analysis,DevOps,Java,Project Management"
T259,Support_System_28,"Cloud,DevOps,Testing"
T260,Monitoring_Module_197,"Data Analysis,DevOps,SQL,Testing"
T261,Support_Service_55,Machine Learning
T262,Integration_Service_266,"Communication,Data Analysis,Java,Machine Learning,Python,SQL"
T263,Cloud_Module_242,"Cloud,Data Analysis,Project Management,Python,SQL,Testing"
T264,Migration_Portal_15,"Cloud,Communication,Data Analysis"
T265,Security_Module_67,"Data Analysis,Python,Testing"
T266,Security_Platform_26,"Cloud,Data Analysis,Project Management,Testing"
T267,Integration_Platform_228,"Communication,DevOps,Java,Machine Learning,Testing"
T268,Monitoring_Framework_174,"Data Analysis,DevOps,Python,Testing"
T269,Automation_Module_298,"DevOps,Machine Learning,Project Management,Python,SQL,Testing"
T270,Frontend_API_37,"Cloud,Java"
T271,Monitoring_Portal_88,"Communication,DevOps,Project Management,SQL"
T272,Integration_Framework_126,"Communication,Data Analysis,SQL,Testing"
T273,Integration_Portal_146,"Communication,DevOps,Java,SQL"
T274,Monitoring_Platform_73,"Cloud,Data Analysis,Machine Learning"
T275,Cloud_Platform_139,"Cloud,DevOps,Machine Learning,Python,Testing"
T276,Testing_Dashboard_290,"Cloud,Data Analysis,Machine Learning,Project Management,Python,Testing"
T277,Database_Module_180,"Cloud,DevOps,Python,Testing"
T278,Security_Dashboard_278,"Cloud,DevOps,Machine Learning,Project Management,SQL,Testing"
T279,Security_Platform_106,"Cloud,Communication,Machine Learning,Python,Testing"
T280,Security_Service_53,Communication
T281,Security_Module_264,"DevOps,Java,Machine Learning,Project Management,SQL,Testing"
T282,Analytics_System_8,"Data Analysis,Project Management,Testing"
T283,Reporting_Service_59,"Cloud,Data Analysis,Java,Python"
T284,Backend_Framework_141,"DevOps,Java,Machine Learning,Python,SQL"
T285,Testing_Engine_81,DevOps
T286,Migration_Pipeline_77,"Cloud,Python"
T287,Reporting_Dashboard_140,"Data Analysis,Java,Machine Learning,Python,Testing"
T288,Security_Framework_61,"Communication,Data Analysis,SQL"
T289,Support_Service_226,"Machine Learning,Project Management,SQL,Testing"
T290,Database_Portal_164,"Cloud,Communication,Data Analysis,Java,SQL"
T291,Security_Engine_273,"Cloud,Data Analysis,DevOps,Java,Machine Learning,Project Management"
T292,Integration_Framework_142,"Cloud,Data Analysis,Python,SQL"
T293,Reporting_Module_147,"Communication,Data Analysis,Java,Machine Learning,Project Management"
T294,Integration_Framework_99,"Cloud,DevOps,Java,Project Management,Python,SQL"
T295,Database_Portal_103,"Communication,Java,Project Management,Python,Testing"
T296,Support_Service_165,"Communication,Data Analysis,Project Management,Python,Testing"
T297,Cloud_Pipeline_108,"Cloud,Communication,Data Analysis,Machine Learning,Python"
T298,Database_Pipeline_160,"Communication,Project Management,Python,SQL,Testing"
T299,Integration_System_296,"Cloud,Data Analysis,DevOps,Java,Python,Testing"
T300,Integration_Service_12,"Cloud,Testing"
