Employee_ID,Employee_Name,Skills
E1,Bob Smith,"Cloud,Communication,Data Analysis,DevOps,Java,Machine Learning,Project Management,Python,SQL,Testing"
E2,William Allen,"Communication,Data Analysis,Java,Machine Learning,Python"
E3,Ivy Jones,"Communication,Data Analysis,DevOps,Java,Machine Learning,Project Management,Python,Testing"
E4,Leo King,"Cloud,Java,Machine Learning,Project Management,Python,SQL"
E5,Uma King,"Communication,Data Analysis,Java,Machine Learning,Python,SQL,Testing"
E6,Charlie Davis,"Cloud,Communication,Java,Machine Learning,Python,SQL,Testing"
E7,Frank Thomas,"Cloud,Data Analysis,DevOps,SQL,Testing"
E8,Frank Lee,"Cloud,Data Analysis,DevOps,Java,Machine Learning,Project Management,Testing"
E9,Zane Anderson,"Cloud,Communication,Data Analysis,Java,Machine Learning,Project Management,Python,SQL"
E10,Paul Moore,"Cloud,Communication,Data Analysis,DevOps,Java,Machine Learning,Project Management,SQL"
E11,Leo Davis,"Cloud,Communication,Data Analysis,DevOps,Java,Machine Learning,Project Management,Python,SQL,Testing"
E12,Emma Garcia,"Cloud,DevOps,Java,Project Management,Python,Testing"
E13,Victor Allen,"Cloud,Communication,Data Analysis,DevOps,Java,Machine Learning,Project Management,Python,SQL,Testing"
E14,Xavier Wilson,"Cloud,Data Analysis,DevOps,Java,Machine Learning,Project Management,Python"
E15,Yara Garcia,"Cloud,Communication,DevOps,Java,Machine Learning,Project Management,Python,SQL,Testing"
E16,Bob Davis,"Cloud,Communication,Data Analysis,Java,Machine Learning,Project Management,Python,SQL,Testing"
E17,Ryan Garcia,"Cloud,Communication,Data Analysis,DevOps,Java,Machine Learning,Project Management,Python,Testing"
E18,Mia Thomas,"Cloud,Data Analysis,DevOps,Java,Machine Learning,Project Management,SQL"
E19,Sophia Allen,"Communication,Data Analysis,DevOps,Java,Project Management,Python,SQL,Testing"
E20,Henry Williams,"Cloud,Communication,DevOps,Machine Learning,Python,Testing"
E21,Paul Miller,"Cloud,Communication,Java,Machine Learning,SQL"
E22,Victor Martin,"Cloud,Communication,DevOps,Java,Machine Learning,Project Management,Python,SQL,Testing"
E23,Bob Moore,"Cloud,Communication,Data Analysis,DevOps,Project Management,Python,Testing"
E24,Ivy Lee,"Cloud,Communication,Data Analysis,DevOps,Java,Machine Learning,Project Management,Python,SQL,Testing"
E25,Alice Williams,"Cloud,Communication,Data Analysis,Java,Python,Testing"
E26,Bob Garcia,"DevOps,Java,Machine Learning,Project Management,SQL,Testing"
E27,Xavier Allen,"Cloud,Data Analysis,DevOps,Machine Learning,Project Management,Python,SQL,Testing"
E28,Bob Young,"Cloud,Communication,Data Analysis,DevOps,Java,Machine Learning,Project Management,Python,SQL,Testing"
E29,Thomas Williams,"Cloud,Communication,Data Analysis,DevOps,Java,Project Management,Python,SQL"
E30,Victor Young,"Cloud,Communication,Data Analysis,DevOps,Java,Machine Learning,Project Management,Python,SQL,Testing"
E31,Emma Taylor,"Cloud,Communication,Data Analysis,DevOps,Java,Machine Learning,Project Management,SQL,Testing"
E32,Ryan Miller,"Cloud,Communication,Data Analysis,DevOps,Java,Machine Learning,Python,Testing"
E33,Ryan Taylor,"Cloud,Communication,Data Analysis,DevOps,Java,Project Management,Python,SQL,Testing"
E34,Xavier Allen,"Cloud,Communication,Data Analysis,DevOps,Java,Machine Learning,Project Management,Python,SQL"
E35,Victor Wilson,"Cloud,Communication,Data Analysis,Java,Machine Learning,SQL"
E36,Karen Jones,"Cloud,Communication,Data Analysis,DevOps,Machine Learning,Project Management,Python,SQL,Testing"
E37,Ryan Johnson,"Cloud,Communication,Data Analysis,DevOps,Java,Machine Learning,Project Management,Python,SQL,Testing"
E38,Leo Johnson,"Communication,Java,Machine Learning,Project Management,Python,SQL,Testing"
E39,Henry Garcia,"Communication,Data Analysis,Java,Machine Learning,Project Management,SQL,Testing"
E40,Zane Davis,"Cloud,DevOps,Machine Learning,Python,SQL,Testing"
E41,Grace Lee,"DevOps,Java,Machine Learning,Project Management,Python,SQL,Testing"
E42,Karen Wilson,"Cloud,Data Analysis,Java,Machine Learning,Project Management,Python,Testing"
E43,Karen Smith,"Cloud,Communication,Data Analysis,DevOps,Project Management"
E44,Thomas Martin,"Communication,Data Analysis,DevOps,Python,SQL"
E45,Bob Martin,"Cloud,Data Analysis,DevOps,Java,Machine Learning,SQL,Testing"
E46,Charlie Anderson,"Communication,Machine Learning,Project Management,SQL,Testing"
E47,Ryan Jones,"Cloud,Communication,Data Analysis,DevOps,Java,Machine Learning,Project Management,SQL,Testing"
E48,Mia Allen,"Communication,Data Analysis,DevOps,Project Management,SQL,Testing"
E49,Thomas Anderson,"Communication,Data Analysis,Machine Learning,Project Management,Testing"
E50,Quinn King,"Communication,Data Analysis,DevOps,Java,Machine Learning,Project Management,Python,Testing"
E51,Bob Davis,"Cloud,Communication,Data Analysis,DevOps,Java,Machine Learning,Python"
E52,William Moore,"Cloud,Communication,Data Analysis,Java,Machine Learning,Project Management,SQL,Testing"
E53,Henry Garcia,"Cloud,Communication,Data Analysis,DevOps,Java,Machine Learning,Python,SQL"
E54,Yara Lee,"Cloud,Communication,Data Analysis,DevOps,Java,Machine Learning,Project Management,Python,SQL,Testing"
E55,Uma Wilson,"Cloud,Communication,Data Analysis,DevOps,Java,Machine Learning,Project Management,Python,Testing"
E56,Karen Allen,"Communication,Data Analysis,DevOps,Java,Machine Learning,Project Management,Python,SQL,Testing"
E57,Emma Miller,"Cloud,Communication,Machine Learning,SQL,Testing"
E58,Nathan Johnson,"Cloud,Communication,Data Analysis,DevOps,Machine Learning"
E59,Paul Smith,"Communication,Data Analysis,DevOps,Machine Learning,Project Management,Python"
E60,Paul Davis,"Cloud,Communication,Data Analysis,DevOps,Java,Project Management,Testing"
E61,Olivia Jones,"Communication,DevOps,Java,Machine Learning,Python,SQL,Testing"
E62,Emma Lee,"Cloud,Communication,Data Analysis,DevOps,Java,Project Management,Python,SQL,Testing"
E63,Karen Anderson,"Data Analysis,DevOps,Java,Machine Learning,Python,SQL"
E64,Ryan Johnson,"Cloud,Communication,Data Analysis,DevOps,Machine Learning,Project Management,Python,SQL"
E65,Alice King,"Data Analysis,DevOps,Java,Machine Learning,Project Management,Python,Testing"
E66,Grace Lee,"Cloud,Data Analysis,Machine Learning,Python,SQL,Testing"
E67,Jack Young,"Cloud,Communication,Data Analysis,DevOps,Java,Machine Learning,Project Management,Python,SQL,Testing"
E68,Zane Young,"Cloud,Communication,Data Analysis,DevOps,Java,Machine Learning,Project Management,Python,SQL,Testing"
E69,Charlie Hall,"Cloud,Communication,DevOps,Project Management,SQL"
E70,Nathan Garcia,"Cloud,Communication,Data Analysis,DevOps,Java,Machine Learning,Project Management,Python,SQL,Testing"
E71,Ivy Lee,"Cloud,Communication,Data Analysis,DevOps,Java,Machine Learning,Project Management,Python,SQL,Testing"
E72,Frank Walker,"Cloud,DevOps,Machine Learning,Python,SQL,Testing"
E73,Ryan Smith,"Cloud,Communication,Data Analysis,DevOps,Project Management,SQL"
E74,Uma Walker,"Cloud,Communication,Data Analysis,DevOps,Java,Machine Learning,Project Management,SQL,Testing"
E75,Sophia Thomas,"Cloud,Data Analysis,DevOps,Java,Machine Learning,Project Management,Python,SQL"
E76,William Lee,"Cloud,Communication,Data Analysis,Java,Machine Learning,Project Management,SQL,Testing"
E77,David Allen,"Cloud,Communication,Data Analysis,Java,Machine Learning,Python,SQL"
E78,Henry Thomas,"Cloud,Communication,Data Analysis,DevOps,Java,Machine Learning,Project Management,Python,SQL,Testing"
E79,Ryan Taylor,"Cloud,Data Analysis,Project Management,Python,SQL,Testing"
E80,Karen Garcia,"Cloud,Communication,Data Analysis,DevOps,Java,Machine Learning,Project Management,Python,SQL,Testing"
E81,Mia Walker,"Data Analysis,DevOps,Java,Python,Testing"
E82,Jack Williams,"Communication,Data Analysis,Java,Python,SQL"
E83,Henry Hall,"Cloud,Data Analysis,DevOps,Java,Project Management,Testing"
E84,Thomas Johnson,"Cloud,Communication,Data Analysis,DevOps,Machine Learning,Project Management,SQL,Testing"
E85,Ryan Williams,"Cloud,Communication,Data Analysis,DevOps,Java,Machine Learning,Project Management,Python,SQL"
E86,Jack Johnson,"Cloud,Data Analysis,DevOps,Machine Learning,Python,Testing"
E87,Ivy Young,"Cloud,Communication,Data Analysis,Java,Python,Testing"
E88,Frank Taylor,"Cloud,Communication,Data Analysis,DevOps,Java,Machine Learning,Project Management,Python,SQL,Testing"
E89,Olivia Williams,"Cloud,Communication,Data Analysis,Java,Machine Learning,Project Management,Python,SQL,Testing"
E90,Yara Wilson,"Cloud,Communication,Data Analysis,DevOps,Machine Learning,Project Management,Python,SQL,Testing"
E91,Uma Walker,"Cloud,Communication,Data Analysis,Java,Machine Learning,Project Management,Python,SQL,Testing"
E92,Victor Brown,"Cloud,Communication,DevOps,SQL,Testing"
E93,Yara Allen,"Cloud,Communication,DevOps,Machine Learning,SQL,Testing"
E94,David Moore,"Cloud,DevOps,Java,SQL,Testing"
E95,Uma Lee,"Communication,Data Analysis,DevOps,Java,Machine Learning,Project Management,Python,SQL,Testing"
E96,William Walker,"Communication,Data Analysis,Machine Learning,SQL,Testing"
E97,Alice Allen,"Data Analysis,Machine Learning,Python,SQL,Testing"
E98,Jack Hall,"Communication,DevOps,Java,Machine Learning,Project Management,Python,SQL,Testing"
E99,Charlie Wilson,"Cloud,Communication,Data Analysis,DevOps,Java,Machine Learning,Project Management,Python,SQL,Testing"
E100,Sophia Walker,"Cloud,Data Analysis,DevOps,Machine Learning,Project Management,Python,SQL,Testing"
E101,Yara Allen,"Communication,Data Analysis,DevOps,Project Management,SQL,Testing"
E102,Yara Martin,"Cloud,Communication,Data Analysis,Java,Machine Learning,Project Management,Python,Testing"
E103,Zane Jones,"Cloud,Communication,DevOps,Machine Learning,Testing"
E104,Olivia Smith,"Cloud,Communication,DevOps,Machine Learning,Project Management,Python,SQL,Testing"
E105,Karen Allen,"Cloud,Communication,Data Analysis,DevOps,Java,Machine Learning,Project Management,Python,SQL,Testing"
E106,Xavier Williams,"Cloud,Communication,Data Analysis,Java,Project Management,Python,SQL,Testing"
E107,Karen Johnson,"Cloud,Communication,Java,Machine Learning,Project Management,Python,SQL,Testing"
E108,Sophia Garcia,"Cloud,Communication,Data Analysis,DevOps,Java,Machine Learning,Testing"
E109,Paul Young,"Cloud,Data Analysis,DevOps,Java,Project Management,SQL"
E110,Zane Lee,"Communication,Data Analysis,Machine Learning,Python,SQL,Testing"
E111,Uma Martin,"Cloud,Communication,Data Analysis,Java,Machine Learning,Project Management,SQL"
E112,Sophia Taylor,"Cloud,Communication,Data Analysis,DevOps,Java,Machine Learning,Project Management,Python,SQL,Testing"
E113,Yara Davis,"Cloud,Communication,Data Analysis,DevOps,Java,Machine Learning,Project Management,Python,SQL,Testing"
E114,Jack Lee,"Cloud,Communication,Data Analysis,Java,Machine Learning,Project Management,Python,SQL,Testing"
E115,Karen Martin,"Cloud,Communication,Python,SQL,Testing"
E116,Frank Wilson,"Cloud,Data Analysis,DevOps,Machine Learning,Project Management,SQL"
E117,Xavier Moore,"Cloud,Communication,Data Analysis,Java,Machine Learning,Python,SQL,Testing"
E118,Victor Wilson,"Cloud,Communication,Data Analysis,DevOps,Java,Project Management,Python,SQL,Testing"
E119,Thomas Davis,"Cloud,Communication,DevOps,Java,Machine Learning,Project Management,Python,SQL,Testing"
E120,Paul Brown,"Cloud,Communication,Data Analysis,DevOps,Java,Machine Learning,Project Management,Python,SQL,Testing"
E121,Leo Allen,"Communication,DevOps,Machine Learning,Project Management,SQL"
E122,Bob Thomas,"Cloud,Communication,Data Analysis,DevOps,Java,Machine Learning,Python,SQL"
E123,Victor Thomas,"Communication,DevOps,Machine Learning,Python,SQL,Testing"
E124,Uma King,"Cloud,Data Analysis,DevOps,Java,Machine Learning,Project Management,Python,SQL,Testing"
E125,Grace Williams,"Cloud,Data Analysis,Java,Machine Learning,Python"
E126,Emma Allen,"Cloud,Communication,Data Analysis,Java,Machine Learning,Project Management,Python,SQL,Testing"
E127,Sophia Anderson,"Communication,DevOps,Java,Project Management,Python,SQL,Testing"
E128,Nathan Hall,"Cloud,Data Analysis,Java,Python,SQL"
E129,Quinn Young,"DevOps,Java,Project Management,SQL,Testing"
E130,Xavier Hall,"Data Analysis,Machine Learning,Project Management,Python,Testing"
E131,Paul Lee,"Cloud,Communication,DevOps,Machine Learning,Project Management,Python,Testing"
E132,Ivy King,"Cloud,Communication,Java,Python,SQL"
E133,Zane Brown,"Cloud,Communication,Data Analysis,DevOps,Java,Machine Learning,Project Management,Python,SQL,Testing"
E134,Xavier Brown,"Cloud,Communication,Data Analysis,DevOps,Java,Machine Learning,Project Management,Python,SQL,Testing"
E135,Charlie Williams,"Cloud,Data Analysis,DevOps,Java,Machine Learning,Python,SQL"
E136,Ryan Johnson,"Cloud,Communication,DevOps,Java,Project Management"
E137,Xavier Johnson,"Cloud,Communication,Data Analysis,Java,Machine Learning,Project Management,Python,SQL,Testing"
E138,Emma Walker,"Cloud,Communication,Data Analysis,Java,Project Management,Python,Testing"
E139,Henry Martin,"Cloud,Data Analysis,Java,Project Management,Python,SQL"
E140,William Taylor,"Cloud,Communication,Data Analysis,Java,Machine Learning,Project Management,Python,SQL,Testing"
E141,Charlie Jones,"Cloud,Data Analysis,DevOps,Java,Machine Learning,Python,SQL"
E142,Xavier Anderson,"Cloud,Communication,Data Analysis,DevOps,Java,Machine Learning,Project Management,Python,SQL,Testing"
E143,Ivy Lee,"Communication,Data Analysis,DevOps,Java,Machine Learning,Project Management,Python,SQL,Testing"
E144,Jack Young,"Cloud,Communication,Data Analysis,DevOps,Java,Machine Learning,Project Management,Python,SQL,Testing"
E145,Grace Taylor,"Cloud,Communication,Data Analysis,Java,Machine Learning,Project Management,Python,Testing"
E146,Paul Martin,"Cloud,Communication,Data Analysis,Project Management,Python,SQL"
E147,Charlie Moore,"Communication,Data Analysis,DevOps,Machine Learning,Project Management,SQL"
E148,Jack Brown,"Cloud,Communication,Data Analysis,DevOps,Java,Machine Learning,Project Management,Python,SQL,Testing"
E149,Nathan Brown,"Cloud,Communication,Data Analysis,DevOps,Machine Learning,Python,SQL,Testing"
E150,Henry Anderson,"Cloud,Communication,DevOps,Java,Machine Learning,SQL"
E151,Yara Thomas,"Communication,Data Analysis,DevOps,Java,Project Management,Testing"
E152,Thomas Jones,"Communication,Data Analysis,DevOps,Java,Machine Learning,SQL,Testing"
E153,Emma Lee,"Cloud,Communication,Data Analysis,DevOps,Java,Machine Learning,Project Management,Python,SQL,Testing"
E154,Sophia Johnson,"Communication,Data Analysis,DevOps,SQL,Testing"
E155,Leo Taylor,"Data Analysis,DevOps,Java,Machine Learning,Project Management,Python,Testing"
E156,Ryan Johnson,"Data Analysis,DevOps,Java,Machine Learning,Project Management"
E157,Olivia Brown,"Cloud,Communication,Data Analysis,DevOps,Java,Machine Learning,Project Management,Python"
E158,Quinn Hall,"Communication,Data Analysis,Java,Machine Learning,Project Management,Python,SQL"
E159,Zane Anderson,"Cloud,Communication,Data Analysis,DevOps,Machine Learning,Project Management,Python,SQL,Testing"
E160,Xavier King,"Cloud,DevOps,Java,SQL,Testing"
E161,Emma King,"Cloud,DevOps,Java,Machine Learning,SQL,Testing"
E162,Alice Thomas,"Cloud,Communication,Data Analysis,DevOps,Java,Machine Learning,Project Management,Python,SQL,Testing"
E163,Emma Jones,"Cloud,Data Analysis,DevOps,Java,Machine Learning,Project Management,SQL"
E164,Yara King,"Cloud,Data Analysis,Java,Python,SQL"
E165,Zane Garcia,"Communication,Data Analysis,DevOps,Java,Project Management,SQL"
E166,Henry Allen,"Cloud,Communication,Data Analysis,DevOps,Java,Machine Learning,Project Management,Python,SQL,Testing"
E167,Olivia Lee,"Cloud,Communication,Data Analysis,Machine Learning,SQL,Testing"
E168,Ivy Johnson,"Cloud,Communication,Data Analysis,DevOps,Java,Project Management,Testing"
E169,Olivia Hall,"Cloud,Communication,Data Analysis,DevOps,Java,Machine Learning,Project Management,Python,SQL,Testing"
E170,Alice Martin,"Communication,DevOps,Java,Machine Learning,SQL,Testing"
E171,Charlie Thomas,"Cloud,DevOps,Java,Machine Learning,Project Management"
E172,Zane Jones,"Cloud,DevOps,Java,Project Management,Python,SQL"
E173,Olivia King,"Cloud,Data Analysis,Java,Machine Learning,Python,Testing"
E174,Ryan King,"Communication,Data Analysis,DevOps,Java,Python"
E175,Uma King,"Communication,Data Analysis,DevOps,Java,Machine Learning,Project Management,Python,SQL,Testing"
E176,Emma Taylor,"Communication,Data Analysis,DevOps,Java,Project Management,Python,SQL,Testing"
E177,Leo Williams,"Cloud,Communication,Data Analysis,Java,Machine Learning,Python,SQL,Testing"
E178,Xavier Smith,"Cloud,Communication,DevOps,Java,Machine Learning,Project Management,Python,SQL,Testing"
E179,Emma Johnson,"Cloud,DevOps,Java,Machine Learning,Project Management,Python,SQL"
E180,Uma Garcia,"Cloud,Communication,Data Analysis,DevOps,Machine Learning,Project Management,SQL"
E181,Zane Miller,"Communication,Java,Project Management,Python,SQL,Testing"
E182,Paul Wilson,"Cloud,Data Analysis,DevOps,Project Management,Testing"
E183,Uma Anderson,"Cloud,Data Analysis,DevOps,Machine Learning,Python"
E184,Karen Garcia,"Cloud,Data Analysis,DevOps,Java,Machine Learning,Project Management,Testing"
E185,Thomas Garcia,"Cloud,Data Analysis,DevOps,Java,Machine Learning,Project Management,Python,Testing"
E186,Frank Lee,"Cloud,Communication,Data Analysis,Java,Machine Learning,Project Management,Python,SQL,Testing"
E187,Charlie Moore,"Cloud,Data Analysis,Machine Learning,Project Management,Python,SQL,Testing"
E188,Emma Williams,"Data Analysis,Java,Machine Learning,Project Management,Python,SQL,Testing"
E189,Emma Lee,"Cloud,Communication,Data Analysis,DevOps,Python,Testing"
E190,Mia Anderson,"Cloud,Data Analysis,DevOps,Java,Project Management,SQL,Testing"
E191,Ivy Wilson,"Cloud,Communication,Data Analysis,DevOps,Java,Machine Learning,Project Management,Python,SQL,Testing"
E192,Frank Lee,"Cloud,Communication,Data Analysis,DevOps,Java,Machine Learning,Project Management,Python,SQL,Testing"
E193,Jack Taylor,"Cloud,Communication,Data Analysis,DevOps,Java"
E194,Henry Walker,"Cloud,Java,Machine Learning,Project Management,Python,SQL"
E195,Emma King,"Cloud,Communication,Data Analysis,Machine Learning,Project Management"
E196,Paul Hall,"Cloud,Data Analysis,DevOps,Java,Testing"
E197,Victor Hall,"Cloud,DevOps,Java,Machine Learning,Project Management,Python,SQL,Testing"
E198,David Hall,"Communication,DevOps,Java,Machine Learning,Project Management,Python,SQL"
E199,Leo Hall,"Cloud,Data Analysis,Java,Project Management,SQL,Testing"
E200,Uma Taylor,"Cloud,Communication,Data Analysis,Java,Machine Learning,Project Management,SQL"
E201,Sophia Johnson,"Cloud,Communication,Data Analysis,DevOps,Java,Machine Learning,Project Management,SQL,Testing"
E202,Yara Young,"Cloud,Communication,Data Analysis,Java,Python"
E203,Henry Moore,"Cloud,Communication,Data Analysis,DevOps,Java,Python,SQL,Testing"
E204,Olivia Miller,"Cloud,Data Analysis,Java,Machine Learning,Project Management,Python,Testing"
E205,Mia Jones,"Cloud,Communication,Data Analysis,DevOps,Project Management,SQL,Testing"
E206,Ivy Lee,"Communication,Java,Machine Learning,Project Management,Python,SQL,Testing"
E207,Nathan Davis,"Communication,Data Analysis,Java,Machine Learning,Python,SQL"
E208,Quinn Lee,"Cloud,Communication,DevOps,Java,Machine Learning,Testing"
E209,Grace Young,"Cloud,Communication,Data Analysis,DevOps,Machine Learning,Project Management,Python,Testing"
E210,Ryan Smith,"Communication,Data Analysis,DevOps,Machine Learning,Python,SQL,Testing"
E211,Yara Moore,"Cloud,Data Analysis,DevOps,Project Management,SQL"
E212,Ryan Taylor,"Communication,Data Analysis,DevOps,Java,Project Management,Python,SQL"
E213,Ivy King,"Communication,Data Analysis,DevOps,Project Management,Testing"
E214,Grace King,"Cloud,Communication,Data Analysis,DevOps,Java,Machine Learning,Project Management,Python,SQL,Testing"
E215,Emma King,"Communication,Data Analysis,DevOps,Java,Machine Learning,Project Management,Python,SQL,Testing"
E216,Quinn Hall,"Cloud,Communication,Data Analysis,DevOps,Java,Machine Learning,Project Management,SQL,Testing"
E217,Nathan Young,"Cloud,Communication,Data Analysis,DevOps,Machine Learning,Project Management,Python,SQL,Testing"
E218,Xavier Johnson,"Cloud,Data Analysis,DevOps,Java,Project Management,Python,Testing"
E219,Grace Smith,"Cloud,Communication,DevOps,Java,Machine Learning,Project Management,Python,SQL,Testing"
E220,Yara King,"Cloud,Communication,DevOps,Java,Machine Learning,Project Management,SQL,Testing"
E221,Frank Lee,"Data Analysis,DevOps,Java,Machine Learning,Project Management,Python,SQL,Testing"
E222,Ivy Allen,"Cloud,Communication,Data Analysis,DevOps,Machine Learning,Project Management,Python,SQL,Testing"
E223,Paul Thomas,"Cloud,Communication,Data Analysis,Java,Machine Learning,Project Management,SQL"
E224,Yara Jones,"Cloud,Communication,Data Analysis,DevOps,Java,Machine Learning,Project Management,SQL,Testing"
E225,Grace Miller,"Cloud,Data Analysis,DevOps,Java,Machine Learning,Python,SQL"
E226,Victor Hall,"Cloud,Communication,Data Analysis,DevOps,Java,Project Management,Python,SQL,Testing"
E227,David Jones,"Communication,DevOps,Java,Machine Learning,Python,SQL"
E228,Paul Miller,"Cloud,DevOps,Machine Learning,Project Management,SQL"
E229,Ryan Johnson,"Cloud,Data Analysis,DevOps,Java,Project Management,Python,Testing"
E230,Frank Taylor,"Cloud,Communication,DevOps,Machine Learning,Python,SQL"
E231,Olivia Allen,"Data Analysis,DevOps,Java,Python,SQL"
E232,Uma Wilson,"Cloud,Communication,Data Analysis,DevOps,Java,Project Management,Python,SQL,Testing"
E233,Quinn Anderson,"Cloud,Communication,Data Analysis,DevOps,Java,Machine Learning,Project Management,Python,SQL,Testing"
E234,Karen Davis,"DevOps,Java,Machine Learning,Project Management,SQL"
E235,Karen Taylor,"Data Analysis,DevOps,Machine Learning,SQL,Testing"
E236,Olivia Taylor,"Cloud,Communication,Data Analysis,DevOps,Java,Machine Learning,Project Management,Python,SQL"
E237,Leo King,"Cloud,Data Analysis,DevOps,Project Management,Python,SQL"
E238,Leo Martin,"Communication,Data Analysis,Java,Machine Learning,SQL,Testing"
E239,Charlie Young,"Cloud,Communication,Data Analysis,DevOps,Java,Machine Learning,Project Management,Python,SQL,Testing"
E240,Emma Garcia,"Data Analysis,DevOps,Machine Learning,Project Management,Python"
E241,Charlie Hall,"Cloud,Communication,Data Analysis,Java,Machine Learning,Project Management,Testing"
E242,Olivia Taylor,"Cloud,Communication,Data Analysis,Machine Learning,Project Management,Python,SQL,Testing"
E243,William Williams,"Cloud,Communication,Data Analysis,DevOps,Java,Machine Learning,Project Management,Python,SQL,Testing"
E244,Leo Moore,"Communication,Data Analysis,DevOps,Java,Machine Learning,Project Management,Python,SQL,Testing"
E245,Leo Brown,"Cloud,Communication,Data Analysis,DevOps,Java,Project Management,SQL,Testing"
E246,Yara Smith,"Cloud,DevOps,Java,Project Management,Python,SQL"
E247,Olivia Thomas,"Communication,Data Analysis,DevOps,Java,Machine Learning,Project Management,Testing"
E248,Thomas Smith,"Cloud,Data Analysis,Java,Machine Learning,Project Management,Python"
E249,Thomas Johnson,"Communication,Data Analysis,Java,Machine Learning,Project Management,Python"
E250,Yara Johnson,"Data Analysis,DevOps,Java,Project Management,Python,Testing"
E251,Karen Young,"Cloud,Communication,Data Analysis,DevOps,Machine Learning,Project Management"
E252,Ivy Johnson,"Cloud,Communication,Data Analysis,DevOps,Java,Machine Learning,Project Management,SQL,Testing"
E253,Zane Hall,"Cloud,Communication,Data Analysis,DevOps,Java,Machine Learning,Project Management,Python,SQL"
E254,Henry Davis,"Cloud,Communication,DevOps,Java,Machine Learning,SQL,Testing"
E255,Mia Davis,"Cloud,Data Analysis,Java,Machine Learning,Python,SQL,Testing"
E256,Bob Wilson,"Cloud,Communication,Java,Machine Learning,Python,SQL,Testing"
E257,Grace Anderson,"Cloud,Communication,Data Analysis,DevOps,Java,Machine Learning,Python,Testing"
E258,William King,"Cloud,Communication,Java,Machine Learning,Project Management,Python,Testing"
E259,Ivy Thomas,"Cloud,Communication,Data Analysis,DevOps,Java,Machine Learning,Project Management,Python,SQL,Testing"
E260,Karen Martin,"Cloud,Communication,DevOps,Java,Machine Learning,Project Management,Python,SQL,Testing"
E261,Ryan Young,"Communication,Machine Learning,Python,SQL,Testing"
E262,Paul Allen,"Cloud,Communication,Data Analysis,DevOps,Java,Machine Learning,Python,SQL,Testing"
E263,Emma Allen,"Cloud,Communication,Data Analysis,DevOps,Java,Machine Learning,Project Management,Python,SQL,Testing"
E264,Nathan Jones,"Cloud,Data Analysis,DevOps,Machine Learning,Project Management,Python,SQL,Testing"
E265,Victor Walker,"Cloud,Communication,Data Analysis,DevOps,Java,Machine Learning,Project Management,Python,SQL,Testing"
E266,Quinn Wilson,"Communication,DevOps,Project Management,Python,Testing"
E267,Henry Miller,"Communication,Data Analysis,DevOps,Java,Machine Learning,Project Management,Python,SQL,Testing"
E268,Sophia Davis,"Cloud,Data Analysis,DevOps,Java,Machine Learning,Project Management,Python,SQL,Testing"
E269,Ryan Walker,"Cloud,Communication,Data Analysis,DevOps,Java,Machine Learning,Project Management,Python,SQL,Testing"
E270,Uma Anderson,"DevOps,Java,Machine Learning,Python,SQL"
E271,Charlie Wilson,"Cloud,Communication,Data Analysis,DevOps,Java,Machine Learning,Project Management,Python,Testing"
E272,Yara Moore,"Cloud,Communication,Data Analysis,DevOps,Java,Project Management,Python,SQL,Testing"
E273,Victor Allen,"Communication,Data Analysis,Machine Learning,SQL,Testing"
E274,David Martin,"Cloud,Data Analysis,DevOps,Java,Project Management,Python,SQL"
E275,Uma Wilson,"Cloud,DevOps,Java,Python,SQL,Testing"
E276,Sophia Moore,"Cloud,Communication,Data Analysis,Java,Machine Learning,Project Management,SQL,Testing"
E277,Charlie Wilson,"Cloud,Communication,Data Analysis,Machine Learning,Python"
E278,Charlie Smith,"Communication,DevOps,Project Management,Python,SQL,Testing"
E279,Nathan Lee,"Cloud,Data Analysis,DevOps,Java,Project Management,Python,Testing"
E280,Thomas King,"Cloud,Communication,Data Analysis,DevOps,Machine Learning,Project Management,Python,SQL,Testing"
E281,Sophia Hall,"Communication,Data Analysis,DevOps,Java,Machine Learning,Project Management,Python"
E282,Paul Jones,"Cloud,Communication,DevOps,Project Management,SQL,Testing"
E283,Paul Williams,"Communication,Data Analysis,DevOps,Machine Learning,SQL"
E284,David Jones,"Communication,Data Analysis,DevOps,Java,Machine Learning,Project Management,Testing"
E285,Olivia Anderson,"Cloud,Data Analysis,DevOps,Machine Learning,Project Management,Python,SQL"
E286,Frank Moore,"Cloud,Communication,Data Analysis,Java,Machine Learning,Project Management,SQL,Testing"
E287,Leo Brown,"Cloud,Data Analysis,DevOps,Machine Learning,Project Management,SQL,Testing"
E288,Olivia Taylor,"Cloud,Communication,Data Analysis,DevOps,Machine Learning,Project Management,Python,SQL,Testing"
E289,Zane Moore,"Cloud,Communication,Data Analysis,DevOps,Java,Machine Learning,Project Management,Python,SQL,Testing"
E290,William Martin,"Communication,Data Analysis,DevOps,Project Management,Testing"
E291,Sophia Moore,"Cloud,Communication,Data Analysis,DevOps,Java,Project Management,Python,SQL,Testing"
E292,Olivia Thomas,"Data Analysis,DevOps,Java,Project Management,Python,SQL,Testing"
E293,Nathan Williams,"Cloud,Communication,Java,Machine Learning,Project Management,Python,SQL,Testing"
E294,Zane Miller,"Cloud,Communication,Data Analysis,Machine Learning,SQL"
E295,Bob Brown,"Cloud,Communication,DevOps,Java,Machine Learning,Project Management,Python,SQL,Testing"
E296,Quinn Garcia,"Cloud,Communication,Java,Project Management,SQL"
E297,Mia Smith,"Cloud,Data Analysis,DevOps,Java,Machine Learning,Project Management,Python,SQL,Testing"
E298,Ivy Williams,"Cloud,Communication,Data Analysis,DevOps,Java,Machine Learning,Project Management,Python,SQL,Testing"
E299,Victor Walker,"Communication,Data Analysis,DevOps,Java,Machine Learning,Project Management,Python,SQL,Testing"
E300,Victor Taylor,"Cloud,Communication,Data Analysis,DevOps,Java,Project Management,Python,SQL,Testing"
E301,Leo Jones,"Cloud,Communication,DevOps,Java,Machine Learning,Project Management,Python,SQL,Testing"
E302,Ryan Garcia,"Cloud,Communication,Data Analysis,DevOps,Java,Machine Learning,Project Management,Python,SQL"
E303,Alice Walker,"Communication,Data Analysis,Java,Machine Learning,Project Management,Python,SQL,Testing"
E304,Nathan Lee,"Cloud,Communication,DevOps,Machine Learning,Project Management,Testing"
E305,Henry Allen,"Cloud,Communication,DevOps,Java,Project Management,Python,SQL,Testing"
E306,Ivy Allen,"Cloud,Data Analysis,DevOps,Project Management,Python,SQL,Testing"
E307,Xavier Davis,"Communication,Data Analysis,Java,Machine Learning,Project Management,Python,Testing"
E308,Yara Davis,"Cloud,Communication,Data Analysis,Machine Learning,Python,SQL,Testing"
E309,Zane Miller,"Cloud,Communication,Data Analysis,DevOps,Java,Testing"
E310,Karen Taylor,"Cloud,Data Analysis,DevOps,Java,Python,Testing"
E311,Uma Jones,"Communication,Data Analysis,Java,Machine Learning,Python,SQL,Testing"
E312,Uma Martin,"Cloud,Communication,Data Analysis,DevOps,Java,Machine Learning,Project Management,Python,SQL,Testing"
E313,Paul Anderson,"Cloud,Communication,Data Analysis,Java,Machine Learning,Project Management,SQL,Testing"
E314,Grace Martin,"Cloud,Communication,Data Analysis,DevOps,Java,Project Management,Python,SQL,Testing"
E315,Ryan Young,"Cloud,Communication,Data Analysis,DevOps,SQL,Testing"
E316,David Lee,"Cloud,Communication,DevOps,Project Management,Python,Testing"
E317,Nathan Miller,"Java,Machine Learning,Python,SQL,Testing"
E318,Victor Garcia,"Cloud,Communication,Data Analysis,DevOps,Java,Machine Learning,Project Management,Python,SQL,Testing"
E319,Charlie Brown,"Cloud,Data Analysis,DevOps,Machine Learning,Testing"
E320,Henry Hall,"Data Analysis,Java,Machine Learning,Project Management,Testing"
E321,Charlie Davis,"Cloud,Communication,Data Analysis,DevOps,Java,Machine Learning,Project Management,Python,SQL,Testing"
E322,Yara Jones,"Cloud,Communication,DevOps,Java,Machine Learning,Project Management,SQL,Testing"
E323,Nathan King,"Cloud,Communication,Data Analysis,DevOps,Java,Machine Learning,Project Management,Python,SQL,Testing"
E324,Zane Jones,"Cloud,Communication,Data Analysis,DevOps,Java,Machine Learning,Project Management,Python,SQL,Testing"
E325,Xavier King,"Cloud,Communication,Data Analysis,DevOps,Java,Machine Learning"
E326,Xavier Moore,"Cloud,Data Analysis,DevOps,Java,Machine Learning,Project Management,Python"
E327,Uma King,"Communication,DevOps,Java,Machine Learning,Project Management,Python,Testing"
E328,Mia Young,"Cloud,Java,Project Management,Python,SQL"
E329,Charlie Smith,"Cloud,Data Analysis,DevOps,Machine Learning,Project Management,Python,SQL,Testing"
E330,Uma Hall,"Communication,Data Analysis,DevOps,Machine Learning,Project Management,Python,SQL"
E331,Charlie Taylor,"Cloud,Communication,Data Analysis,DevOps,Java,Machine Learning,Project Management,Testing"
E332,Mia Young,"Data Analysis,Machine Learning,Project Management,SQL,Testing"
E333,Olivia King,"Cloud,Communication,Data Analysis,DevOps,Java,Machine Learning,Project Management,Python,SQL,Testing"
E334,Leo Hall,"Cloud,Communication,Data Analysis,DevOps,Java,Machine Learning,Project Management,Python,SQL"
E335,Zane Martin,"Cloud,Data Analysis,DevOps,Java,Machine Learning,Project Management,Python,SQL,Testing"
E336,Olivia Hall,"Cloud,Data Analysis,Java,Machine Learning,Project Management,Python,Testing"
E337,Sophia Brown,"Communication,DevOps,Java,Project Management,Python,SQL,Testing"
E338,Bob Walker,"Communication,DevOps,Java,Project Management,Python,Testing"
E339,Henry Anderson,"Communication,Data Analysis,DevOps,Machine Learning,Project Management,Python,SQL"
E340,Leo Brown,"Cloud,Communication,Data Analysis,DevOps,Python,Testing"
E341,Jack Taylor,"Cloud,Communication,Data Analysis,DevOps,Java,Machine Learning,Python,SQL,Testing"
E342,Sophia Taylor,"Cloud,Communication,Java,Project Management,Python,SQL,Testing"
E343,Alice Martin,"Cloud,Communication,Data Analysis,DevOps,Java,Machine Learning,Project Management,Python,SQL,Testing"
E344,Alice Anderson,"Cloud,DevOps,Machine Learning,Project Management,Testing"
E345,Henry Martin,"Data Analysis,DevOps,Java,Project Management,Testing"
E346,Leo Lee,"Communication,Data Analysis,DevOps,Java,Machine Learning,Project Management,Python,SQL"
E347,Jack Wilson,"Cloud,Communication,Data Analysis,DevOps,Java,Machine Learning,Project Management,Python,SQL,Testing"
E348,Grace Jones,"Cloud,DevOps,Java,Machine Learning,Project Management,Python,SQL"
E349,Ryan Thomas,"Cloud,Communication,DevOps,Java,Machine Learning,Project Management,Python,SQL,Testing"
E350,Frank Taylor,"Cloud,Communication,Data Analysis,Python,SQL,Testing"
E351,Mia Hall,"Cloud,Communication,Data Analysis,DevOps,Java,Machine Learning,Project Management,Python,SQL,Testing"
E352,Olivia Allen,"Communication,Data Analysis,Machine Learning,Python,SQL"
E353,Emma Miller,"Cloud,Communication,Data Analysis,DevOps,Java,Machine Learning,Project Management,Python,SQL,Testing"
E354,Uma Lee,"Cloud,Communication,Data Analysis,DevOps,Java,Machine Learning,Python,Testing"
E355,Frank Young,"Cloud,Communication,DevOps,Java,Machine Learning,Python"
E356,Grace Garcia,"Cloud,Communication,Data Analysis,DevOps,Java,Machine Learning,Python,Testing"
E357,Uma Taylor,"Cloud,Communication,Data Analysis,Java,Python,SQL,Testing"
E358,Nathan Miller,"Cloud,Communication,DevOps,Machine Learning,Project Management,Python,SQL,Testing"
E359,Sophia Hall,"Cloud,Communication,Data Analysis,DevOps,Java,Machine Learning,Project Management,Python,SQL,Testing"
E360,Alice Wilson,"Data Analysis,DevOps,Java,Project Management,Python,SQL,Testing"
E361,Henry Garcia,"Cloud,Data Analysis,DevOps,Project Management,Testing"
E362,Bob Davis,"Cloud,Communication,Data Analysis,Machine Learning,Testing"
E363,Sophia Smith,"Cloud,Communication,Data Analysis,DevOps,Java,Machine Learning,Project Management,SQL,Testing"
E364,Charlie Johnson,"Cloud,Communication,Data Analysis,DevOps,Java,Machine Learning,Project Management,Python,SQL,Testing"
E365,Karen King,"Communication,Data Analysis,Machine Learning,Project Management,Python,Testing"
E366,Alice Jones,"Cloud,Communication,DevOps,Python,SQL,Testing"
E367,Karen Jones,"Cloud,Communication,DevOps,Java,Machine Learning,Project Management,Python,SQL,Testing"
E368,William King,"Cloud,Data Analysis,DevOps,Java,Project Management,Testing"
E369,Frank Smith,"Cloud,DevOps,Java,Machine Learning,Project Management,SQL,Testing"
E370,Emma Anderson,"Cloud,Communication,Data Analysis,DevOps,Java,Machine Learning,Project Management,Python,SQL,Testing"
E371,Grace Davis,"Cloud,Communication,Data Analysis,DevOps,Java,Machine Learning,Project Management,Python,SQL,Testing"
E372,Frank Martin,"Cloud,Communication,Data Analysis,DevOps,Java,Machine Learning,Project Management,Python,SQL,Testing"
E373,Olivia Williams,"Cloud,Communication,Data Analysis,DevOps,Java,Machine Learning,Python,Testing"
E374,Charlie Anderson,"Cloud,Data Analysis,Project Management,Python,SQL"
E375,Thomas King,"Data Analysis,DevOps,Java,Project Management,Python,SQL"
E376,Karen Miller,"Cloud,Communication,Data Analysis,DevOps,Java,Machine Learning,Python,SQL"
E377,Henry Brown,"Cloud,Communication,Data Analysis,DevOps,Project Management,SQL"
E378,Leo Smith,"DevOps,Java,Project Management,Python,Testing"
E379,Uma Taylor,"Cloud,Communication,Data Analysis,DevOps,Java,Project Management,Python,Testing"
E380,Paul Walker,"Data Analysis,DevOps,Java,Machine Learning,Testing"
E381,Ivy Lee,"Cloud,Communication,Data Analysis,DevOps,Java,Machine Learning,Project Management,Python,SQL,Testing"
E382,Victor Thomas,"Cloud,Communication,Data Analysis,Java,Machine Learning,Project Management,Python,Testing"
E383,Sophia Davis,"Cloud,Communication,Data Analysis,DevOps,Java,Machine Learning,Project Management,Python,SQL"
E384,Yara Lee,"Cloud,Communication,Data Analysis,DevOps,Java,Project Management,Python,Testing"
E385,Charlie Martin,"Java,Machine Learning,Project Management,Python,SQL,Testing"
E386,Mia Allen,"Cloud,Data Analysis,DevOps,Python,SQL,Testing"
E387,Nathan Jones,"Cloud,Communication,Data Analysis,DevOps,Machine Learning,Project Management,Python,Testing"
E388,Ryan Thomas,"Communication,Data Analysis,Java,Project Management,Python,SQL"
E389,Ivy Moore,"Cloud,Communication,Data Analysis,DevOps,Machine Learning,Project Management,Python,Testing"
E390,Bob Walker,"Communication,DevOps,Java,Machine Learning,Python,SQL"
E391,Paul Brown,"Cloud,Communication,Data Analysis,DevOps,Python,SQL,Testing"
E392,Xavier Martin,"Cloud,Communication,Data Analysis,DevOps,SQL,Testing"
E393,Charlie Taylor,"Cloud,Communication,Data Analysis,Java,Machine Learning,Project Management,Python,SQL,Testing"
E394,Bob Davis,"Cloud,Communication,Data Analysis,DevOps,Java,Machine Learning,Project Management,Python,SQL,Testing"
E395,Ivy Thomas,"Cloud,Communication,Java,Python,Testing"
E396,Thomas Lee,"Cloud,Data Analysis,DevOps,Java,Project Management,Python,SQL,Testing"
E397,Xavier Williams,"Cloud,DevOps,Java,Project Management,SQL,Testing"
E398,Uma Davis,"Cloud,Communication,Data Analysis,DevOps,Java,Project Management,Python"
E399,Henry Wilson,"Cloud,Communication,Data Analysis,DevOps,Java,Machine Learning,Project Management,Python,SQL,Testing"
E400,Jack Hall,"Cloud,Communication,Data Analysis,DevOps,Java,Machine Learning,Python,SQL,Testing"
E401,Paul Williams,"Cloud,Communication,Data Analysis,DevOps,Java,Project Management,Python,SQL,Testing"
E402,Emma Hall,"Cloud,Communication,Data Analysis,DevOps,Java,Project Management,SQL"
E403,Uma Walker,"Cloud,Communication,DevOps,Java,Python,Testing"
E404,Karen Davis,"Cloud,Data Analysis,DevOps,Java,Machine Learning,Project Management,Python"
E405,Emma Wilson,"Cloud,Communication,Data Analysis,DevOps,Java,Machine Learning,Project Management,Python,SQL,Testing"
E406,Zane Anderson,"Cloud,Communication,Data Analysis,DevOps,Java,Machine Learning,Project Management,Python,SQL,Testing"
E407,Uma Young,"Cloud,Communication,Data Analysis,DevOps,Machine Learning,Python,Testing"
E408,Nathan Johnson,"Communication,Data Analysis,DevOps,Java,Machine Learning,Project Management,Python,SQL,Testing"
E409,Emma Anderson,"Cloud,Data Analysis,DevOps,Machine Learning,Project Management,SQL"
E410,Olivia Wilson,"Cloud,Communication,Data Analysis,DevOps,Java,Machine Learning,Project Management,Python,SQL,Testing"
E411,Thomas Martin,"Communication,DevOps,Java,Python,SQL,Testing"
E412,Alice Anderson,"Cloud,Communication,Data Analysis,DevOps,Java,Machine Learning,Project Management,Python,SQL,Testing"
E413,Jack Jones,"Cloud,Communication,Data Analysis,DevOps,Java,Machine Learning,Project Management,Python,SQL"
E414,Bob Taylor,"Data Analysis,DevOps,Java,Project Management,Python"
E415,Paul Thomas,"Cloud,Communication,Java,Machine Learning,Project Management,SQL,Testing"
E416,Grace Smith,"Cloud,DevOps,Java,Project Management,Python,SQL"
E417,Yara Allen,"Cloud,Communication,DevOps,Java,Machine Learning,Project Management,Python,SQL,Testing"
E418,Mia Brown,"Cloud,Communication,Data Analysis,DevOps,Java,Project Management,Python,SQL,Testing"
E419,Victor Hall,"Cloud,Communication,Data Analysis,DevOps,Java,Project Management,Python,SQL,Testing"
E420,Jack Brown,"Cloud,Communication,Data Analysis,DevOps,Python,SQL,Testing"
E421,Quinn Miller,"DevOps,Machine Learning,Project Management,SQL,Testing"
E422,William Walker,"Data Analysis,DevOps,Java,Machine Learning,Project Management,Python,SQL"
E423,Emma Williams,"Cloud,Communication,DevOps,Machine Learning,Project Management,Python,Testing"
E424,Bob Brown,"Cloud,Communication,Data Analysis,DevOps,Java,Machine Learning,Project Management,SQL,Testing"
E425,Nathan Brown,"Cloud,Data Analysis,DevOps,Python,SQL,Testing"
E426,Frank Anderson,"Cloud,Communication,DevOps,Python,SQL"
E427,Mia Moore,"Communication,Data Analysis,DevOps,Java,Python,SQL,Testing"
E428,William Johnson,"Cloud,Data Analysis,DevOps,Java,Machine Learning,Project Management,Python,Testing"
E429,Frank King,"Data Analysis,DevOps,Java,Machine Learning,Project Management,Testing"
E430,Bob Williams,"Cloud,Communication,DevOps,Java,Machine Learning,Project Management,Python,SQL"
E431,Nathan Davis,"Cloud,Communication,Data Analysis,Machine Learning,Project Management,Python,SQL"
E432,Uma Garcia,"Cloud,Communication,Data Analysis,DevOps,Machine Learning,Project Management,Python,SQL"
E433,Bob Hall,"Cloud,Communication,Data Analysis,Java,Machine Learning,Project Management,Python,SQL,Testing"
E434,Olivia Lee,"Communication,DevOps,Java,Project Management,Python,Testing"
E435,David Moore,"Cloud,Communication,Data Analysis,DevOps,Java,Machine Learning,Python,SQL,Testing"
E436,Ryan Miller,"Communication,Data Analysis,DevOps,Machine Learning,Project Management,Python,SQL,Testing"
E437,William Lee,"Cloud,Communication,Data Analysis,DevOps,Java,Machine Learning,Project Management,Python,SQL,Testing"
E438,Uma Taylor,"DevOps,Java,Machine Learning,Python,SQL"
E439,David Wilson,"Cloud,Communication,Data Analysis,Java,Machine Learning,Project Management,Python,SQL,Testing"
E440,David Martin,"Cloud,Communication,Data Analysis,DevOps,Java,Machine Learning,Project Management,Python,Testing"
E441,Sophia Hall,"Cloud,Communication,Java,Machine Learning,Testing"
E442,Paul Hall,"Data Analysis,DevOps,Machine Learning,Project Management,Python,Testing"
E443,Thomas Anderson,"Communication,Data Analysis,Machine Learning,Project Management,Python,SQL"
E444,Emma Martin,"Communication,Data Analysis,DevOps,Java,Machine Learning,Project Management,Python,SQL,Testing"
E445,Thomas Taylor,"Cloud,Communication,Data Analysis,DevOps,Java,Project Management,Python,SQL,Testing"
E446,Victor Allen,"Cloud,Communication,Data Analysis,DevOps,Java,Machine Learning,Project Management,Python,SQL,Testing"
E447,Victor Johnson,"Communication,DevOps,Java,Machine Learning,Project Management,Python,Testing"
E448,Bob Taylor,"Cloud,Communication,Data Analysis,Java,Project Management,SQL"
E449,Thomas Allen,"Cloud,Communication,DevOps,Machine Learning,Project Management,Python"
E450,William Johnson,"Cloud,Data Analysis,DevOps,Machine Learning,Project Management,SQL"
E451,Thomas Lee,"Cloud,Communication,Data Analysis,DevOps,Project Management,Python,SQL,Testing"
E452,Jack Lee,"Cloud,Communication,DevOps,Java,Machine Learning,Project Management"
E453,Mia Johnson,"Cloud,Data Analysis,Java,Project Management,Python,SQL"
E454,Karen Lee,"Communication,Data Analysis,DevOps,Java,Project Management,Python,SQL,Testing"
E455,Zane Anderson,"Cloud,Communication,Data Analysis,DevOps,Java,Machine Learning,Project Management,Python,SQL,Testing"
E456,Charlie Thomas,"Cloud,Communication,Data Analysis,DevOps,Java,Machine Learning,Project Management,SQL,Testing"
E457,Yara King,"Cloud,DevOps,Java,Machine Learning,Project Management,SQL"
E458,Bob Anderson,"Cloud,Communication,Data Analysis,DevOps,Machine Learning,Project Management,Python,SQL,Testing"
E459,Yara Thomas,"Cloud,Data Analysis,DevOps,Java,Project Management,Python,SQL,Testing"
E460,David Garcia,"Cloud,Communication,DevOps,Java,Machine Learning,Project Management,Python,SQL,Testing"
E461,Ryan Martin,"Cloud,Communication,DevOps,Java,Machine Learning,Project Management,Python,SQL,Testing"
E462,Frank Wilson,"Cloud,Communication,Data Analysis,DevOps,Java,Machine Learning,Project Management,Python,SQL,Testing"
E463,Alice Moore,"Cloud,Communication,Data Analysis,DevOps,Java,Machine Learning,Project Management,SQL,Testing"
E464,Leo Hall,"Cloud,Communication,Data Analysis,DevOps,Java,Machine Learning,Project Management,Python,SQL,Testing"
E465,Mia Moore,"Communication,Data Analysis,Java,Machine Learning,SQL"
E466,Jack Thomas,"Cloud,Communication,Data Analysis,DevOps,Java,Machine Learning,Project Management,Python,SQL,Testing"
E467,Alice Young,"Communication,DevOps,Project Management,Python,SQL"
E468,Frank Garcia,"Cloud,Communication,DevOps,Java,Machine Learning,Project Management,Python,SQL,Testing"
E469,Bob Allen,"Communication,Data Analysis,Java,Machine Learning,Project Management,Python"
E470,Xavier Young,"Cloud,Data Analysis,DevOps,Java,Machine Learning,Project Management,Python,SQL"
E471,Thomas Williams,"Cloud,Communication,Data Analysis,DevOps,Java,Project Management,Python,SQL"
E472,William Young,"Cloud,Data Analysis,DevOps,Project Management,SQL,Testing"
E473,Karen Davis,"Cloud,Communication,Java,Machine Learning,Project Management,Python"
E474,Paul Lee,"Cloud,Data Analysis,DevOps,Java,SQL,Testing"
E475,Emma Allen,"Cloud,Communication,Data Analysis,DevOps,Java,Project Management,Python,Testing"
E476,Sophia Young,"Communication,Data Analysis,DevOps,Java,Project Management,Python"
E477,Yara Jones,"Cloud,Communication,Data Analysis,DevOps,Machine Learning,Project Management,Python,SQL"
E478,Mia Thomas,"Data Analysis,DevOps,Java,Machine Learning,Project Management,Python,Testing"
E479,Sophia Young,"Communication,Data Analysis,DevOps,Java,Machine Learning,Project Management,Python,SQL,Testing"
E480,Henry Johnson,"Cloud,Communication,Data Analysis,DevOps,Java,Machine Learning,Project Management,Python,SQL,Testing"
E481,William Hall,"Cloud,Communication,Data Analysis,DevOps,Java,Machine Learning,Project Management,Python,SQL,Testing"
E482,Mia Davis,"Cloud,Communication,Data Analysis,DevOps,Java,Machine Learning,Project Management,Python,SQL,Testing"
E483,Olivia Garcia,"Cloud,Communication,Data Analysis,DevOps,Machine Learning,Project Management,Python,SQL,Testing"
E484,Frank Thomas,"Cloud,Communication,Data Analysis,DevOps,Java,Project Management"
E485,Paul Miller,"Cloud,Communication,DevOps,Java,Machine Learning,Project Management,Python,SQL,Testing"
E486,Sophia Jones,"Cloud,Communication,Data Analysis,DevOps,Java,Project Management,Python,SQL,Testing"
E487,Thomas Young,"Communication,Data Analysis,Machine Learning,Project Management,SQL"
E488,Nathan King,"Cloud,Communication,Data Analysis,DevOps,Java,Machine Learning,Project Management,Python,SQL,Testing"
E489,Olivia King,"Cloud,Communication,Data Analysis,Java,Project Management,SQL"
E490,Emma King,"Cloud,Communication,Data Analysis,DevOps,Java,Machine Learning,Project Management,Python,Testing"
E491,Quinn Brown,"Data Analysis,DevOps,Python,SQL,Testing"
E492,Uma Martin,"Cloud,DevOps,Python,SQL,Testing"
E493,Leo Young,"Cloud,Communication,Data Analysis,DevOps,Java,Machine Learning,Project Management,Python,SQL"
E494,Ivy Miller,"Cloud,Communication,Data Analysis,DevOps,Java,Machine Learning,Project Management,Python,SQL,Testing"
E495,Mia Miller,"Communication,Data Analysis,Java,Project Management,Python"
E496,Thomas Wilson,"Cloud,Communication,Data Analysis,DevOps,Java,Machine Learning,Project Management,Python,SQL,Testing"
E497,Jack Young,"Cloud,Communication,Data Analysis,DevOps,Java,Machine Learning,Project Management,Python,SQL,Testing"
E498,David Miller,"Cloud,Communication,DevOps,Java,Machine Learning,SQL,Testing"
E499,Thomas Martin,"Cloud,Communication,Data Analysis,DevOps,Java,Machine Learning,Project Management,Python,Testing"
E500,Thomas Johnson,"Data Analysis,Java,Machine Learning,Python,SQL"
E501,Alice Miller,"Cloud,Communication,Data Analysis,DevOps,Java,Machine Learning,Project Management,Python,SQL,Testing"
E502,Leo Davis,"Cloud,Communication,Data Analysis,DevOps,Java,Machine Learning,Project Management,Python,SQL,Testing"
E503,Xavier Williams,"Cloud,Communication,Data Analysis,DevOps,Java,Machine Learning,Project Management,Python,SQL,Testing"
E504,Henry King,"Cloud,Data Analysis,DevOps,Project Management,SQL"
E505,Quinn Brown,"DevOps,Java,Machine Learning,Python,SQL,Testing"
E506,William Lee,"Communication,Data Analysis,DevOps,Java,Machine Learning,Project Management,Python,SQL,Testing"
E507,Alice Walker,"Cloud,Communication,Data Analysis,DevOps,Machine Learning,Project Management,SQL,Testing"
E508,Victor Davis,"Cloud,Data Analysis,DevOps,Java,Project Management"
E509,Charlie Moore,"Cloud,Communication,DevOps,Java,Project Management,Python,SQL"
E510,Xavier Miller,"Cloud,Communication,Data Analysis,DevOps,Java,Machine Learning,Project Management,Python,SQL,Testing"
E511,Henry King,"Communication,Data Analysis,DevOps,Java,Machine Learning,Project Management,Python,SQL"
E512,Yara Allen,"Cloud,DevOps,Java,Machine Learning,Project Management,Python,SQL"
E513,Ivy Walker,"Cloud,Data Analysis,Machine Learning,Project Management,Testing"
E514,Bob Hall,"Communication,Data Analysis,DevOps,Java,Project Management,Testing"
E515,David Hall,"Data Analysis,DevOps,Java,Machine Learning,Project Management,Python,SQL,Testing"
E516,Leo King,"Cloud,Communication,DevOps,Java,Machine Learning,Project Management,Python,Testing"
E517,Leo Garcia,"Cloud,Communication,Data Analysis,Java,Machine Learning,Project Management,SQL"
E518,Olivia Garcia,"Cloud,Communication,DevOps,Java,Machine Learning,Project Management,SQL,Testing"
E519,Emma Jones,"Cloud,Communication,Data Analysis,Java,Machine Learning,Project Management,Python,SQL,Testing"
E520,Jack Wilson,"Cloud,Data Analysis,DevOps,Java,Machine Learning,Project Management,Python,SQL"
E521,Paul Brown,"Cloud,Communication,Data Analysis,DevOps,Java,Machine Learning,Project Management,Python,Testing"
E522,Alice Martin,"Cloud,Communication,Data Analysis,DevOps,Java,Project Management,SQL,Testing"
E523,Leo Anderson,"Cloud,DevOps,Machine Learning,SQL,Testing"
E524,Uma Anderson,"Cloud,Communication,Data Analysis,DevOps,Java,Machine Learning,Project Management,Python,SQL,Testing"
E525,Karen Taylor,"Cloud,Communication,DevOps,Java,Machine Learning,Python,SQL,Testing"
E526,Alice Jones,"Cloud,Communication,Data Analysis,DevOps,Java,Machine Learning,Project Management,Python,SQL,Testing"
E527,Ryan Johnson,"Cloud,Communication,Data Analysis,DevOps,Java,Machine Learning,Project Management,Python,SQL,Testing"
E528,Thomas Jones,"DevOps,Java,Project Management,Python,SQL"
E529,Jack Lee,"Cloud,Data Analysis,DevOps,Java,Machine Learning"
E530,Ryan Lee,"Cloud,Communication,Data Analysis,DevOps,Java,Machine Learning,Project Management,Python,SQL,Testing"
E531,Nathan Hall,"Cloud,Data Analysis,DevOps,Project Management,SQL,Testing"
E532,Nathan Wilson,"Cloud,Communication,Data Analysis,DevOps,Java,Machine Learning,Project Management,Python,SQL,Testing"
E533,Jack Walker,"Communication,Data Analysis,Java,Project Management,Python,SQL"
E534,Zane Smith,"Cloud,Communication,Data Analysis,DevOps,Machine Learning,Project Management,Python,SQL,Testing"
E535,Mia Davis,"Cloud,Communication,Data Analysis,DevOps,Java,Machine Learning,Project Management,Python,Testing"
E536,Uma Allen,"Cloud,Data Analysis,DevOps,Java,Machine Learning,Project Management,SQL"
E537,Uma Lee,"Communication,DevOps,Java,Machine Learning,Python,SQL,Testing"
E538,Frank Brown,"Cloud,Communication,Data Analysis,DevOps,Java,Project Management,Python,SQL,Testing"
E539,Emma Smith,"Cloud,Data Analysis,DevOps,Java,Python,SQL,Testing"
E540,Zane Johnson,"Cloud,Communication,Data Analysis,DevOps,Machine Learning,Project Management,SQL,Testing"
E541,Frank Miller,"Cloud,Java,Machine Learning,Project Management,Python,SQL,Testing"
E542,Yara Lee,"Cloud,Communication,DevOps,Java,Machine Learning,Python,Testing"
E543,Victor Miller,"Cloud,Communication,Data Analysis,Machine Learning,Python,Testing"
E544,Paul Taylor,"Cloud,Communication,Data Analysis,DevOps,Java,Project Management,Python,Testing"
E545,Karen Smith,"Cloud,Java,Machine Learning,Project Management,Python,Testing"
E546,Bob Young,"Data Analysis,DevOps,Java,Project Management,Python,Testing"
E547,Yara Johnson,"Cloud,Communication,Data Analysis,DevOps,Java,Machine Learning,Project Management,Python,SQL,Testing"
E548,Henry Anderson,"Cloud,Java,Machine Learning,SQL,Testing"
E549,Ivy Johnson,"Cloud,Communication,Data Analysis,DevOps,Machine Learning,Project Management,Python,SQL,Testing"
E550,Frank Allen,"Cloud,Communication,Data Analysis,Java,Machine Learning,Project Management,SQL,Testing"
E551,Charlie Hall,"Cloud,Communication,Data Analysis,DevOps,Java,Project Management,Testing"
E552,Alice Hall,"Communication,Data Analysis,Machine Learning,Project Management,SQL,Testing"
E553,Charlie Allen,"Cloud,Communication,Data Analysis,DevOps,Java,Machine Learning,Python,SQL"
E554,Nathan Anderson,"Cloud,Data Analysis,DevOps,Java,Machine Learning,Project Management,SQL,Testing"
E555,Frank Johnson,"Communication,Java,Project Management,Python,Testing"
E556,Uma Moore,"Data Analysis,DevOps,Java,Machine Learning,Python,Testing"
E557,Charlie Lee,"Cloud,Communication,Data Analysis,DevOps,Java,Machine Learning,Project Management,Python,SQL,Testing"
E558,Jack Williams,"Cloud,Communication,Data Analysis,DevOps,Java,Machine Learning,Project Management,Python,SQL,Testing"
E559,Mia Miller,"Cloud,Communication,Data Analysis,Java,Project Management,Testing"
E560,Nathan Brown,"Cloud,Data Analysis,DevOps,Machine Learning,Project Management,SQL"
E561,Quinn Anderson,"Cloud,Communication,Data Analysis,DevOps,Java,Machine Learning,Project Management,Python,SQL,Testing"
E562,Xavier Anderson,"Cloud,Communication,Data Analysis,DevOps,Java,Machine Learning,Project Management,Python,SQL,Testing"
E563,Mia Smith,"Cloud,Communication,Data Analysis,DevOps,Java,Machine Learning,Project Management,SQL,Testing"
E564,Karen Smith,"Cloud,Communication,Data Analysis,DevOps,Java,Machine Learning,Project Management,Python,SQL,Testing"
E565,Leo Young,"Cloud,Communication,Data Analysis,DevOps,Java,Machine Learning,Project Management,Python,SQL,Testing"
E566,Sophia Miller,"Communication,Data Analysis,Machine Learning,Project Management,Python,Testing"
E567,Xavier Young,"Cloud,Communication,Data Analysis,DevOps,Java,Machine Learning,Project Management,Python,SQL,Testing"
E568,Xavier King,"Cloud,Data Analysis,Java,Machine Learning,Project Management,Python,SQL,Testing"
E569,Karen Allen,"Data Analysis,DevOps,Project Management,Python,Testing"
E570,Henry Martin,"Cloud,Communication,Data Analysis,Java,Machine Learning,Project Management,Python,SQL,Testing"
E571,Ryan Moore,"Cloud,DevOps,Machine Learning,Project Management,Python,SQL,Testing"
E572,Paul Allen,"Cloud,Communication,Data Analysis,DevOps,Java,Project Management,Testing"
E573,Henry Davis,"Cloud,Data Analysis,DevOps,Machine Learning,Project Management,Testing"
E574,Charlie Brown,"Cloud,Communication,Data Analysis,DevOps,Testing"
E575,Frank Thomas,"Cloud,Communication,Data Analysis,DevOps,Java,Machine Learning,Project Management,Python,SQL,Testing"
E576,David Johnson,"Cloud,Communication,DevOps,Java,Machine Learning,Project Management,Python,SQL,Testing"
E577,Jack Lee,"Communication,Data Analysis,DevOps,Project Management,Python,SQL"
E578,Quinn Wilson,"Cloud,Data Analysis,DevOps,Java,Machine Learning,Project Management,Python,SQL"
E579,Bob Taylor,"Cloud,Communication,Data Analysis,DevOps,Java,Machine Learning,Python,SQL,Testing"
E580,Charlie Moore,"Cloud,Communication,Data Analysis,Machine Learning,Python,Testing"
E581,Paul King,"Cloud,Communication,Data Analysis,DevOps,Java,Machine Learning,Project Management,Python,SQL,Testing"
E582,Quinn Taylor,"Cloud,Data Analysis,DevOps,Java,Machine Learning,Project Management,Python,SQL,Testing"
E583,Uma Taylor,"Cloud,Communication,Data Analysis,DevOps,Python,SQL,Testing"
E584,Alice Allen,"Cloud,Data Analysis,Machine Learning,Project Management,Python,SQL"
E585,Xavier Moore,"Cloud,Communication,Java,Machine Learning,Python,SQL,Testing"
E586,Olivia Allen,"Cloud,Communication,Data Analysis,DevOps,Java,Machine Learning,Project Management,SQL,Testing"
E587,William Hall,"Communication,DevOps,Java,Machine Learning,Project Management,SQL"
E588,Ryan Brown,"Data Analysis,DevOps,Project Management,Python,SQL,Testing"
E589,Nathan Taylor,"Cloud,DevOps,Machine Learning,Project Management,Python,SQL"
E590,Thomas Wilson,"Cloud,Data Analysis,DevOps,Java,Machine Learning,Project Management,Python,SQL"
E591,Emma Hall,"Cloud,Communication,Data Analysis,DevOps,Java,Machine Learning,Project Management,Python,SQL"
E592,Grace Davis,"Cloud,Communication,Data Analysis,DevOps,Machine Learning,Project Management,Python,SQL,Testing"
E593,Xavier Miller,"Data Analysis,DevOps,Java,Machine Learning,Python"
E594,William Anderson,"Data Analysis,DevOps,Java,Machine Learning,SQL,Testing"
E595,Karen Moore,"Communication,Data Analysis,DevOps,Machine Learning,Project Management,Python,SQL,Testing"
E596,Quinn Allen,"Cloud,Communication,Data Analysis,DevOps,Machine Learning,Project Management,Python,SQL,Testing"
E597,Olivia Moore,"Cloud,Communication,Data Analysis,DevOps,Java,Machine Learning,Project Management,Python"
E598,William Hall,"Communication,Data Analysis,Machine Learning,Project Management,Python,SQL,Testing"
E599,Frank Young,"Cloud,Communication,Data Analysis,Java,Python,Testing"
E600,Olivia Williams,"Cloud,Communication,Data Analysis,DevOps,Java,Machine Learning,Project Management,Python,SQL,Testing"
