Employee_ID,T1,T2,T3,T4,T5,T6,T7,T8,T9,T10,T11,T12,T13,T14,T15,T16
E1,19,98,29,79,14,57,84,80,28,65,26,15,49,56,15,55
E2,36,97,41,95,23,55,81,62,89,29,40,30,32,62,13,32
E3,52,62,95,41,44,30,99,23,58,14,70,38,35,68,54,49
E4,39,38,13,94,34,61,52,45,18,45,54,92,75,61,96,78
E5,52,13,24,43,32,84,43,14,23,86,65,54,50,65,87,75
E6,24,59,83,34,42,15,100,65,10,76,78,97,95,35,56,65
E7,18,95,52,89,50,94,25,48,74,49,95,62,51,61,99,47
E8,80,26,34,63,95,58,96,32,88,82,48,61,80,10,48,46
E9,36,65,84,87,93,51,69,66,66,96,37,75,70,31,94,20
E10,46,75,94,91,89,52,21,40,96,49,38,35,28,13,15,41
E11,70,88,19,68,63,90,83,34,99,59,73,61,41,28,93,98
E12,10,23,64,38,32,99,76,69,16,81,41,25,68,27,69,95
E13,77,81,86,50,66,88,74,64,80,67,30,70,67,43,41,91
E14,45,76,72,90,40,45,66,19,46,40,44,52,50,79,20,27
E15,29,39,59,98,29,100,37,18,63,62,52,79,69,63,17,36
E16,63,59,84,99,12,83,58,71,10,55,48,59,63,78,79,87
E17,38,72,38,44,65,72,13,59,53,95,96,61,31,69,26,89
E18,78,13,60,85,82,94,13,20,92,64,27,69,33,16,43,58
E19,51,37,68,51,53,58,45,63,42,20,70,12,79,16,54,38
E20,93,18,93,15,13,41,35,12,89,29,40,26,70,95,24,82
